{
    "loss": 0.5724205374717712,
    "accuracy": 0.9482758641242981
}